split,quality,file_name,raw_min,raw_max,raw_mean,raw_std,raw_median,raw_p90,raw_p95,raw_p99,raw_p99_5,raw_p99_9,zero_ratio,norm_min,norm_max,norm_mean,norm_std,norm_median,norm_p95,norm_p99,norm_p99_9
Train,LOW,Train_000_LOW.bin,0.0,1689.0,87.4756851196289,52.46487045288086,79.0,139.0,166.0,270.0,344.0,563.0,0.01360361328125,0.0,1.0,0.05179153382778168,0.031062675639986992,0.046773239970207214,0.09828300774097443,0.15985789895057678,0.3333333432674408
Train,HIGH,Train_000_HIGH.bin,0.0,24813.0,195.77696228027344,409.47216796875,100.0,297.0,712.0,2126.0,2821.0,4750.0,0.01360361328125,0.0,1.0,0.007890095002949238,0.01650232821702957,0.004030145704746246,0.0286946352571249,0.08568089455366135,0.1914319097995758
Train,LOW,Train_001_LOW.bin,0.0,1177.0,80.69808197021484,39.79648971557617,75.0,129.0,149.0,203.0,232.0,323.0,0.013603564453125,0.0,1.0,0.0685625746846199,0.033811792731285095,0.06372132897377014,0.12659303843975067,0.17247238755226135,0.27442651987075806
Train,HIGH,Train_001_HIGH.bin,0.0,10878.0,129.17349243164062,196.974365234375,89.0,191.0,349.0,997.0,1345.0,2392.0,0.013603564453125,0.0,1.0,0.01187476608902216,0.018107585608959198,0.008181651122868061,0.03208310529589653,0.09165287762880325,0.21989336609840393
Train,LOW,Train_002_LOW.bin,0.0,1500.0,89.81251525878906,46.054264068603516,84.0,141.0,162.0,228.0,282.0,462.0,0.01360361328125,0.0,1.0,0.05987507477402687,0.030702834948897362,0.0560000017285347,0.1080000028014183,0.15199999511241913,0.30799999833106995
Train,HIGH,Train_002_HIGH.bin,0.0,8628.0,141.55787658691406,211.2136688232422,93.0,241.0,410.0,1036.0,1420.0,2602.0,0.013603662109375,0.0,1.0,0.01640678010880947,0.024480018764734268,0.010778859257698059,0.04751970246434212,0.12007417529821396,0.30157625675201416
Train,LOW,Train_003_LOW.bin,0.0,1671.0,81.36029052734375,42.246273040771484,76.0,128.0,148.0,213.0,266.0,414.0,0.013603662109375,0.0,1.0,0.04868944734334946,0.02528204210102558,0.04548174887895584,0.08856971561908722,0.12746858596801758,0.24775584042072296
Train,HIGH,Train_003_HIGH.bin,0.0,16458.0,154.7418670654297,251.23419189453125,94.0,260.0,488.0,1350.0,1787.0,2848.0,0.013603662109375,0.0,1.0,0.009402230381965637,0.015265168622136116,0.005711507983505726,0.029651233926415443,0.08202698081731796,0.1730465441942215
Train,LOW,Train_004_LOW.bin,0.0,1223.0,79.09558868408203,37.152587890625,75.0,125.0,143.0,185.0,208.0,297.0,0.013603759765625,0.0,1.0,0.06467337161302567,0.03037821128964424,0.06132461130619049,0.11692558974027634,0.1512673795223236,0.24284546077251434
Train,HIGH,Train_004_HIGH.bin,0.0,7276.0,131.15042114257812,188.21205139160156,90.0,213.0,346.0,939.0,1306.0,2367.0,0.013603515625,0.0,1.0,0.018025048077106476,0.02586751990020275,0.012369433417916298,0.04755360260605812,0.12905442714691162,0.32531610131263733
Train,LOW,Train_005_LOW.bin,0.0,1977.0,86.24479675292969,43.39615249633789,81.0,136.0,157.0,219.0,265.0,409.0,0.013603759765625,0.0,1.0,0.043624140322208405,0.021950511261820793,0.040971167385578156,0.07941325008869171,0.11077389866113663,0.20687910914421082
Train,HIGH,Train_005_HIGH.bin,0.0,15631.0,146.46533203125,219.09280395507812,94.0,251.0,446.0,1153.0,1535.0,2539.0,0.013603662109375,0.0,1.0,0.00937019195407629,0.014016550965607166,0.006013690959662199,0.02853304333984852,0.07376367598772049,0.16243362426757812
Train,LOW,Train_006_LOW.bin,0.0,4115.0,82.94425964355469,39.945945739746094,78.0,131.0,150.0,198.0,227.0,332.0,0.01360361328125,0.0,1.0,0.02015657350420952,0.00970740057528019,0.018955042585730553,0.03645200654864311,0.04811664670705795,0.08068043738603592
Train,HIGH,Train_006_HIGH.bin,0.0,22418.0,122.92662811279297,161.56561279296875,87.0,205.0,338.0,816.0,1088.0,1850.0,0.01360361328125,0.0,1.0,0.005483400076627731,0.007206964306533337,0.0038808099925518036,0.015077169984579086,0.036399323493242264,0.08252297341823578
Train,LOW,Train_007_LOW.bin,0.0,1894.0,86.2718276977539,45.42308044433594,81.0,137.0,158.0,217.0,258.0,448.0,0.013603515625,0.0,1.0,0.04555007442831993,0.023982632905244827,0.04276663064956665,0.08342132717370987,0.11457233130931854,0.2365364283323288
Train,HIGH,Train_007_HIGH.bin,0.0,35725.0,146.49221801757812,241.52122497558594,94.0,241.0,433.0,1127.0,1556.0,2971.0,0.013603564453125,0.0,1.0,0.0041005476377904415,0.006760571151971817,0.002631210722029209,0.012120364233851433,0.03154653683304787,0.0831630527973175
Train,LOW,Train_008_LOW.bin,0.0,12529.0,86.10042572021484,48.040306091308594,80.0,135.0,156.0,223.0,282.0,479.0,0.013603564453125,0.0,1.0,0.0068720923736691475,0.0038343335036188364,0.006385186221450567,0.0124511132016778,0.017798706889152527,0.03823130205273628
Train,HIGH,Train_008_HIGH.bin,0.0,48670.0,148.00013732910156,237.1239013671875,96.0,246.0,427.0,1144.0,1565.0,2698.0,0.013603564453125,0.0,1.0,0.003040888113901019,0.004872073885053396,0.001972467638552189,0.008773371577262878,0.023505238816142082,0.05543455854058266
Train,LOW,Train_009_LOW.bin,0.0,2228.0,84.53775024414062,44.62724304199219,78.0,134.0,156.0,223.0,265.0,415.0,0.013603515625,0.0,1.0,0.03794323280453682,0.020030174404382706,0.035008978098630905,0.07001795619726181,0.10008976608514786,0.1862657070159912
Train,HIGH,Train_009_HIGH.bin,0.0,23848.0,141.94888305664062,268.84173583984375,90.0,205.0,399.0,1262.0,1735.0,3099.0,0.01360361328125,0.0,1.0,0.005952239502221346,0.01127313356846571,0.0037739013787359,0.016730962321162224,0.052918482571840286,0.12994800508022308
Train,LOW,Train_010_LOW.bin,0.0,4372.0,79.84536743164062,36.62796401977539,76.0,126.0,143.0,182.0,202.0,282.0,0.0136037109375,0.0,1.0,0.018262917175889015,0.008377849124372005,0.01738334819674492,0.03270814195275307,0.04162854701280594,0.06450137495994568
Train,HIGH,Train_010_HIGH.bin,0.0,21981.0,125.75556182861328,168.17771911621094,91.0,192.0,314.0,867.0,1182.0,2053.0,0.013603515625,0.0,1.0,0.005721095018088818,0.007651052437722683,0.004139938857406378,0.014285064302384853,0.03944315388798714,0.09339884668588638
Train,LOW,Train_011_LOW.bin,0.0,3686.0,83.96284484863281,40.90918731689453,79.0,132.0,151.0,201.0,235.0,370.0,0.013603564453125,0.0,1.0,0.022778864949941635,0.011098524555563927,0.02143244631588459,0.040965817868709564,0.054530657827854156,0.1003798171877861
Train,HIGH,Train_011_HIGH.bin,0.0,20497.0,148.26048278808594,249.31927490234375,94.0,235.0,423.0,1266.0,1745.0,3088.0,0.01360361328125,0.0,1.0,0.007233275566250086,0.012163689360022545,0.004586036782711744,0.020637165755033493,0.06176513805985451,0.15065619349479675
Train,LOW,Train_012_LOW.bin,0.0,1837.0,86.3405532836914,40.658905029296875,82.0,136.0,155.0,204.0,232.0,338.0,0.013603564453125,0.0,1.0,0.04700085520744324,0.022133322432637215,0.04463799670338631,0.08437670022249222,0.11105062812566757,0.18399564921855927
Train,HIGH,Train_012_HIGH.bin,0.0,12055.0,129.34371948242188,160.77212524414062,93.0,213.0,348.0,843.0,1107.0,1811.0,0.013603564453125,0.0,1.0,0.010729477740824223,0.01333654299378395,0.007714641280472279,0.02886768989264965,0.06992948800325394,0.1502281278371811
Train,LOW,Train_013_LOW.bin,0.0,1170.0,85.2562484741211,39.284820556640625,81.0,135.0,154.0,196.0,218.0,293.0,0.013603564453125,0.0,1.0,0.07286853343248367,0.03357676789164543,0.06923077255487442,0.13162393867969513,0.1675213724374771,0.25042736530303955
Train,HIGH,Train_013_HIGH.bin,0.0,9947.0,127.68627166748047,167.62457275390625,92.0,197.0,331.0,871.0,1163.0,2014.0,0.013603564453125,0.0,1.0,0.012836656533181667,0.016851777210831642,0.00924901943653822,0.03327636420726776,0.08756408840417862,0.20247310400009155
Train,LOW,Train_014_LOW.bin,0.0,2568.0,85.5604019165039,51.66141891479492,78.0,135.0,159.0,254.0,336.0,584.0,0.01360361328125,0.0,1.0,0.03331787511706352,0.02011738158762455,0.0303738322108984,0.061915889382362366,0.0989096537232399,0.2274143248796463
Train,HIGH,Train_014_HIGH.bin,0.0,24140.0,177.66505432128906,398.98870849609375,93.0,255.0,601.0,1938.0,2728.0,4847.0,0.013603515625,0.0,1.0,0.007359785493463278,0.016528114676475525,0.0038525268901139498,0.02489643730223179,0.08028168976306915,0.20078708231449127
Train,LOW,Train_015_LOW.bin,0.0,1870.0,80.4875717163086,36.44329071044922,77.0,127.0,144.0,182.0,201.0,268.0,0.013603515625,0.0,1.0,0.0430414043366909,0.0194883793592453,0.04117647185921669,0.07700534909963608,0.09732620418071747,0.14331550896167755
Train,HIGH,Train_015_HIGH.bin,0.0,10122.0,117.19869995117188,141.17710876464844,87.0,186.0,296.0,722.0,977.0,1691.0,0.013603515625,0.0,1.0,0.011578602716326714,0.013947551138699055,0.008595139719545841,0.029243232682347298,0.07132977992296219,0.16706185042858124
Train,LOW,Train_016_LOW.bin,0.0,4183.0,85.19591522216797,44.14305114746094,79.0,135.0,156.0,219.0,265.0,419.0,0.013603564453125,0.0,1.0,0.02036718837916851,0.0105529660359025,0.018885966390371323,0.03729380667209625,0.05235476791858673,0.10016734153032303
Train,HIGH,Train_016_HIGH.bin,0.0,26382.0,166.4333953857422,347.1549987792969,91.0,231.0,562.0,1761.0,2391.0,4098.0,0.013603662109375,0.0,1.0,0.006308597046881914,0.013158785179257393,0.0034493214916437864,0.02130240388214588,0.06675005704164505,0.15533317625522614
Train,LOW,Train_017_LOW.bin,0.0,1395.0,81.65049743652344,38.3298454284668,77.0,129.0,147.0,189.0,212.0,316.0,0.013603564453125,0.0,1.0,0.05853084847331047,0.027476582676172256,0.055197130888700485,0.10537634044885635,0.13548387587070465,0.226523295044899
Train,HIGH,Train_017_HIGH.bin,0.0,12185.0,116.53202819824219,160.48976135253906,86.0,179.0,281.0,758.0,1077.0,2079.0,0.013603564453125,0.0,1.0,0.009563568979501724,0.013171096332371235,0.007057858165353537,0.02306114137172699,0.06220763176679611,0.17061960697174072
Train,LOW,Train_018_LOW.bin,0.0,2305.0,81.69788360595703,37.301395416259766,78.0,129.0,147.0,188.0,207.0,267.0,0.0136037109375,0.0,1.0,0.035443808883428574,0.01618281379342079,0.033839479088783264,0.06377440690994263,0.08156181871891022,0.11583513766527176
Train,HIGH,Train_018_HIGH.bin,0.0,25124.0,127.86820983886719,164.87718200683594,88.0,219.0,378.0,858.0,1114.0,1791.0,0.01360361328125,0.0,1.0,0.0050894771702587605,0.00656253332272172,0.0035026269033551216,0.015045374631881714,0.034150611609220505,0.07128641754388809
Train,LOW,Train_019_LOW.bin,0.0,1997.0,83.71314239501953,45.93776321411133,78.0,133.0,154.0,218.0,267.0,485.0,0.013603564453125,0.0,1.0,0.04191944748163223,0.023003367707133293,0.039058588445186615,0.07711566984653473,0.10916374623775482,0.24286429584026337
Train,HIGH,Train_019_HIGH.bin,0.0,14309.0,147.20558166503906,277.42132568359375,92.0,223.0,418.0,1280.0,1882.0,3623.0,0.013603564453125,0.0,1.0,0.010287611745297909,0.01938789337873459,0.006429519969969988,0.029212383553385735,0.08945418894290924,0.2531972825527191
Train,LOW,Train_020_LOW.bin,0.0,1046.0,80.65990447998047,37.96414566040039,76.0,129.0,149.0,196.0,217.0,266.0,0.0136037109375,0.0,1.0,0.07711287587881088,0.03629457578063011,0.0726577416062355,0.14244741201400757,0.18738049268722534,0.25430211424827576
Train,HIGH,Train_020_HIGH.bin,0.0,10462.0,115.59883880615234,122.61824798583984,86.0,194.0,316.0,677.0,834.0,1218.0,0.013603564453125,0.0,1.0,0.011049403809010983,0.01172033790498972,0.00822022557258606,0.030204549431800842,0.06471037864685059,0.11642133444547653
Train,LOW,Train_021_LOW.bin,0.0,2054.0,82.24835968017578,39.38456726074219,78.0,130.0,149.0,197.0,225.0,327.0,0.01360380859375,0.0,1.0,0.04004295915365219,0.01917458139359951,0.037974681705236435,0.07254138588905334,0.09591041505336761,0.15920156240463257
Train,HIGH,Train_021_HIGH.bin,0.0,19934.0,133.02862548828125,181.82032775878906,91.0,220.0,371.0,955.0,1262.0,2044.0,0.013603564453125,0.0,1.0,0.006673463620245457,0.009121114388108253,0.004565064795315266,0.018611418083310127,0.04790809750556946,0.10253837704658508
Train,LOW,Train_022_LOW.bin,0.0,8382.0,82.3051528930664,39.88011169433594,78.0,130.0,148.0,190.0,215.0,341.0,0.01360361328125,0.0,1.0,0.00981927290558815,0.0047578285448253155,0.009305655024945736,0.017656883224844933,0.022667620331048965,0.040682416409254074
Train,HIGH,Train_022_HIGH.bin,0.0,39987.0,134.357177734375,205.59173583984375,90.0,216.0,374.0,1004.0,1385.0,2436.0,0.013603564453125,0.0,1.0,0.003360017668455839,0.005141462665051222,0.0022507314570248127,0.009353039786219597,0.025108160451054573,0.06091979891061783
Train,LOW,Train_023_LOW.bin,0.0,2182.0,82.60838317871094,41.777835845947266,77.0,130.0,150.0,210.0,256.0,395.0,0.01360361328125,0.0,1.0,0.03785902261734009,0.01914658583700657,0.035288725048303604,0.06874427199363708,0.09624198079109192,0.18102657794952393
Train,HIGH,Train_023_HIGH.bin,0.0,29566.0,144.97216796875,223.11204528808594,91.0,257.0,443.0,1156.0,1548.0,2547.0,0.01360361328125,0.0,1.0,0.0049033439718186855,0.007546236272901297,0.0030778597574681044,0.01498342677950859,0.039098966866731644,0.08614625036716461
Train,LOW,Train_024_LOW.bin,0.0,1353.0,77.77742767333984,37.258399963378906,73.0,124.0,142.0,187.0,211.0,294.0,0.0136037109375,0.0,1.0,0.05748526006937027,0.027537625283002853,0.05395417660474777,0.10495195537805557,0.13821138441562653,0.21729490160942078
Train,HIGH,Train_024_HIGH.bin,0.0,12929.0,125.4073486328125,201.29098510742188,85.0,177.0,331.0,1006.0,1394.0,2504.0,0.013603564453125,0.0,1.0,0.009699718095362186,0.015568946488201618,0.006574367638677359,0.025601360946893692,0.07780957221984863,0.19367313385009766
Train,LOW,Train_025_LOW.bin,0.0,4521.0,91.20911407470703,43.795658111572266,86.0,143.0,164.0,220.0,258.0,381.0,0.01360361328125,0.0,1.0,0.020174527540802956,0.009687165729701519,0.019022339954972267,0.03627515956759453,0.04866180196404457,0.08427339047193527
Train,HIGH,Train_025_HIGH.bin,0.0,34092.0,139.8754425048828,194.54910278320312,96.0,231.0,394.0,1012.0,1355.0,2201.0,0.01360361328125,0.0,1.0,0.004102885723114014,0.005706582684069872,0.00281590991653502,0.011556963436305523,0.029684383422136307,0.06456059962511063
Train,LOW,Train_026_LOW.bin,0.0,2104.0,83.9180908203125,44.119781494140625,78.0,133.0,154.0,213.0,257.0,441.0,0.013603564453125,0.0,1.0,0.03988498076796532,0.02096947655081749,0.03707224503159523,0.07319391518831253,0.10123573988676071,0.2096007615327835
Train,HIGH,Train_026_HIGH.bin,0.0,21847.0,143.74571228027344,277.1458740234375,89.0,214.0,397.0,1296.0,1897.0,3625.0,0.013603662109375,0.0,1.0,0.00657966174185276,0.012685761786997318,0.004073786083608866,0.018171831965446472,0.05932164564728737,0.16592666506767273
Train,LOW,Train_027_LOW.bin,0.0,3286.0,84.3211898803711,41.75581359863281,79.0,133.0,152.0,207.0,247.0,391.0,0.013603955078125,0.0,1.0,0.025660742074251175,0.0127071812748909,0.02404138818383217,0.04625684767961502,0.06299452483654022,0.11898965388536453
Train,HIGH,Train_027_HIGH.bin,0.0,13354.0,136.27194213867188,208.7957000732422,88.0,228.0,394.0,1081.0,1472.0,2518.0,0.013603564453125,0.0,1.0,0.010204569436609745,0.01563546061515808,0.006589785683900118,0.029504267498850822,0.08094953000545502,0.1885577291250229
Train,LOW,Train_028_LOW.bin,0.0,1483.0,87.30011749267578,47.0562858581543,81.0,139.0,163.0,241.0,296.0,459.0,0.013603515625,0.0,1.0,0.058867234736680984,0.03173045814037323,0.054619014263153076,0.10991234332323074,0.16250842809677124,0.3095077574253082
Train,HIGH,Train_028_HIGH.bin,0.0,15077.0,187.54714965820312,375.5120544433594,99.0,281.0,664.0,1982.0,2633.0,4294.0,0.013603564453125,0.0,1.0,0.012439301237463951,0.02490629255771637,0.006566293071955442,0.04404059052467346,0.13145850598812103,0.28480467200279236
Train,LOW,Train_029_LOW.bin,0.0,1611.0,88.17493438720703,47.052459716796875,82.0,139.0,160.0,233.0,297.0,490.0,0.013603564453125,0.0,1.0,0.05473308265209198,0.029207009822130203,0.050900060683488846,0.09931719303131104,0.14463067054748535,0.30415889620780945
Train,HIGH,Train_029_HIGH.bin,0.0,12687.0,136.94522094726562,215.5375213623047,89.0,219.0,392.0,1110.0,1523.0,2609.0,0.013603662109375,0.0,1.0,0.010794145055115223,0.016988851130008698,0.007015054579824209,0.030897770076990128,0.08749113231897354,0.20564357936382294
Train,LOW,Train_030_LOW.bin,0.0,1443.0,86.31014251708984,44.94088363647461,80.0,136.0,157.0,229.0,288.0,441.0,0.013603564453125,0.0,1.0,0.05981302633881569,0.031144075095653534,0.05544005706906319,0.10880111157894135,0.15869715809822083,0.30561330914497375
Train,HIGH,Train_030_HIGH.bin,0.0,9118.0,158.19891357421875,255.0265350341797,97.0,267.0,495.0,1367.0,1827.0,2879.0,0.013603515625,0.0,1.0,0.017350202426314354,0.02796957641839981,0.010638297535479069,0.054288219660520554,0.14992323517799377,0.31574907898902893
Train,LOW,Train_031_LOW.bin,0.0,997.0,79.10009765625,37.28524398803711,75.0,125.0,142.0,184.0,208.0,316.0,0.013603564453125,0.0,1.0,0.07933810353279114,0.037397418171167374,0.07522567361593246,0.14242728054523468,0.18455366790294647,0.31695085763931274
Train,HIGH,Train_031_HIGH.bin,0.0,21576.0,138.04518127441406,181.54763793945312,97.0,230.0,378.0,931.0,1269.0,2159.0,0.013603515625,0.0,1.0,0.006398099008947611,0.008414331823587418,0.004495736211538315,0.01751946657896042,0.04314979538321495,0.10006488859653473
Train,LOW,Train_032_LOW.bin,0.0,2374.0,90.35138702392578,52.45433807373047,83.0,143.0,167.0,256.0,334.0,588.0,0.013603564453125,0.0,1.0,0.03805870562791824,0.02209535799920559,0.034962087869644165,0.07034540921449661,0.10783487558364868,0.24768324196338654
Train,HIGH,Train_032_HIGH.bin,0.0,36923.0,163.4851531982422,320.1906433105469,95.0,250.0,479.0,1602.0,2256.0,4032.0,0.013603564453125,0.0,1.0,0.004427739419043064,0.008671848103404045,0.00257292203605175,0.012972943484783173,0.04338759183883667,0.10920022428035736
Train,LOW,Train_033_LOW.bin,0.0,1913.0,83.32230377197266,37.82358169555664,79.0,132.0,149.0,190.0,209.0,275.0,0.0136037109375,0.0,1.0,0.04355587065219879,0.019771892577409744,0.04129639267921448,0.0778881311416626,0.0993204414844513,0.1437532603740692
Train,HIGH,Train_033_HIGH.bin,0.0,12445.0,124.30462646484375,171.1608123779297,89.0,191.0,313.0,896.0,1221.0,2074.0,0.013603515625,0.0,1.0,0.009988297708332539,0.013753381557762623,0.007151466328650713,0.025150662288069725,0.0719967857003212,0.16665327548980713
Train,LOW,Train_034_LOW.bin,0.0,4434.0,87.13351440429688,52.800106048583984,79.0,139.0,165.0,263.0,335.0,550.0,0.0136037109375,0.0,1.0,0.019651232287287712,0.011908009648323059,0.017816869542002678,0.03721245005726814,0.059314388781785965,0.12404149770736694
Train,HIGH,Train_034_HIGH.bin,0.0,30523.0,183.10084533691406,412.795654296875,96.0,257.0,626.0,1989.0,2730.0,4773.0,0.01360361328125,0.0,1.0,0.005998780485242605,0.013524084351956844,0.003145169233903289,0.02050912380218506,0.0651639774441719,0.15637388825416565
Train,LOW,Train_035_LOW.bin,0.0,3164.0,86.12938690185547,41.23619079589844,81.0,136.0,155.0,205.0,236.0,358.0,0.013603515625,0.0,1.0,0.027221698313951492,0.013032931834459305,0.025600505992770195,0.048988621681928635,0.06479140371084213,0.11314791440963745
Train,HIGH,Train_035_HIGH.bin,0.0,10871.0,139.5449676513672,196.0928497314453,96.0,225.0,378.0,1016.0,1394.0,2368.0,0.01360361328125,0.0,1.0,0.01283640880137682,0.018038151785731316,0.008830834180116653,0.03477140888571739,0.09345966577529907,0.21782724559307098
Train,LOW,Train_036_LOW.bin,0.0,1920.0,84.44717407226562,40.30809020996094,80.0,134.0,154.0,200.0,224.0,314.0,0.013603662109375,0.0,1.0,0.0439828597009182,0.020993778482079506,0.0416666679084301,0.08020833134651184,0.1041666641831398,0.16354165971279144
Train,HIGH,Train_036_HIGH.bin,0.0,30753.0,129.69171142578125,197.60153198242188,94.0,194.0,302.0,907.0,1305.0,2672.0,0.013603564453125,0.0,1.0,0.004217204637825489,0.006425436120480299,0.003056612331420183,0.009820180013775826,0.02949305810034275,0.08688583225011826
Train,LOW,Train_037_LOW.bin,0.0,2569.0,88.74008178710938,44.55338668823242,83.0,141.0,164.0,226.0,263.0,389.0,0.0136037109375,0.0,1.0,0.03454265743494034,0.017342697829008102,0.032308291643857956,0.06383807212114334,0.08797197043895721,0.15142078697681427
Train,HIGH,Train_037_HIGH.bin,0.0,40327.0,145.33612060546875,201.9718017578125,97.0,242.0,429.0,1069.0,1360.0,2137.0,0.013603515625,0.0,1.0,0.003603948513045907,0.00500835245475173,0.002405336359515786,0.010638033971190453,0.02650829404592514,0.05299179255962372
Train,LOW,Train_038_LOW.bin,0.0,3250.0,86.16873931884766,42.60327911376953,81.0,136.0,156.0,215.0,257.0,388.0,0.013603515625,0.0,1.0,0.026513459160923958,0.013108697719871998,0.02492307685315609,0.04800000041723251,0.06615384668111801,0.11938461661338806
Train,HIGH,Train_038_HIGH.bin,0.0,11713.0,146.9586181640625,224.3201904296875,93.0,250.0,449.0,1194.0,1575.0,2540.0,0.013603564453125,0.0,1.0,0.012546610087156296,0.01915139891207218,0.007939895614981651,0.0383334755897522,0.10193801671266556,0.216853067278862
Train,LOW,Train_039_LOW.bin,0.0,7446.0,83.97978973388672,40.24908447265625,79.0,132.0,151.0,198.0,227.0,344.0,0.013603564453125,0.0,1.0,0.011278516612946987,0.0054054646752774715,0.010609723627567291,0.02027934417128563,0.026591459289193153,0.04619930312037468
Train,HIGH,Train_039_HIGH.bin,0.0,37816.0,118.82432556152344,156.3841552734375,88.0,183.0,288.0,782.0,1079.0,1897.0,0.013603515625,0.0,1.0,0.003142166417092085,0.004135399125516415,0.0023270573001354933,0.0076158237643539906,0.02067907713353634,0.05016395077109337
Train,LOW,Train_040_LOW.bin,0.0,23600.0,86.863525390625,47.737144470214844,82.0,138.0,157.0,202.0,225.0,303.0,0.01360361328125,0.0,1.0,0.003680660156533122,0.0020227604545652866,0.0034745761658996344,0.006652542389929295,0.008559321984648705,0.012838982976973057
Train,HIGH,Train_040_HIGH.bin,0.0,42826.0,129.44863891601562,198.65574645996094,89.0,205.0,357.0,965.0,1289.0,2080.0,0.01360361328125,0.0,1.0,0.003022664226591587,0.004638671875,0.002078176708891988,0.008336057886481285,0.02253304049372673,0.04856862500309944
Train,LOW,Train_041_LOW.bin,0.0,876.0,83.70101165771484,39.800743103027344,79.0,134.0,154.0,206.0,231.0,290.0,0.013603759765625,0.0,1.0,0.09554900974035263,0.04543464630842209,0.09018264710903168,0.17579908668994904,0.23515981435775757,0.33105021715164185
Train,HIGH,Train_041_HIGH.bin,0.0,8224.0,116.66638946533203,126.56127166748047,89.0,193.0,288.0,654.0,876.0,1477.0,0.013603515625,0.0,1.0,0.014186076819896698,0.015389258041977882,0.010821984149515629,0.03501945361495018,0.07952334731817245,0.17959630489349365
Train,LOW,Train_042_LOW.bin,0.0,1303.0,81.7093734741211,38.77194595336914,77.0,129.0,148.0,194.0,221.0,324.0,0.01360361328125,0.0,1.0,0.06270859390497208,0.02975592575967312,0.059094399213790894,0.11358403414487839,0.14888718724250793,0.24865694344043732
Train,HIGH,Train_042_HIGH.bin,0.0,12988.0,121.99653625488281,156.61302185058594,87.0,197.0,329.0,823.0,1087.0,1803.0,0.013603515625,0.0,1.0,0.009393010288476944,0.012058285064995289,0.0066984910517930984,0.025331074371933937,0.06336618214845657,0.13882045447826385
Train,LOW,Train_043_LOW.bin,0.0,1324.0,83.46383666992188,42.14400863647461,78.0,132.0,152.0,208.0,250.0,401.0,0.013603662109375,0.0,1.0,0.06303921341896057,0.03183082863688469,0.05891238525509834,0.11480362713336945,0.15709969401359558,0.30287009477615356
Train,HIGH,Train_043_HIGH.bin,0.0,8779.0,147.28079223632812,233.87916564941406,92.0,250.0,453.0,1211.0,1612.0,2729.0,0.01360361328125,0.0,1.0,0.016776500269770622,0.0266407560557127,0.01047955360263586,0.05160041153430939,0.1379428207874298,0.3108554482460022
Train,LOW,Train_044_LOW.bin,0.0,1652.0,82.27445983886719,38.804412841796875,78.0,130.0,148.0,192.0,217.0,316.0,0.01360361328125,0.0,1.0,0.04980293661355972,0.02348935417830944,0.04721549525856972,0.08958838135004044,0.11622276157140732,0.19128328561782837
Train,HIGH,Train_044_HIGH.bin,0.0,15770.0,126.53733825683594,178.1462860107422,88.0,196.0,344.0,926.0,1223.0,2091.0,0.013603564453125,0.0,1.0,0.008023916743695736,0.011296537704765797,0.005580215714871883,0.021813569590449333,0.05871908739209175,0.1325935274362564
Train,LOW,Train_045_LOW.bin,0.0,982.0,88.15739440917969,40.987545013427734,83.0,140.0,160.0,207.0,229.0,297.0,0.01360361328125,0.0,1.0,0.08977331221103668,0.041738856583833694,0.08452138304710388,0.16293278336524963,0.21079429984092712,0.3024439811706543
Train,HIGH,Train_045_HIGH.bin,0.0,27579.0,132.18675231933594,175.47157287597656,93.0,206.0,361.0,942.0,1204.0,1958.0,0.01360361328125,0.0,1.0,0.004793032072484493,0.006362506188452244,0.0033721309155225754,0.013089669868350029,0.034156423062086105,0.07099604606628418
Train,LOW,Train_046_LOW.bin,0.0,2461.0,83.66504669189453,40.25969314575195,79.0,132.0,151.0,201.0,233.0,348.0,0.01360361328125,0.0,1.0,0.0339963436126709,0.016359075903892517,0.03210077062249184,0.06135717034339905,0.08167411386966705,0.14140592515468597
Train,HIGH,Train_046_HIGH.bin,0.0,17484.0,134.0081787109375,186.4385223388672,90.0,229.0,387.0,966.0,1291.0,2154.0,0.0136037109375,0.0,1.0,0.007664620876312256,0.010663386434316635,0.0051475632935762405,0.02213452383875847,0.055250514298677444,0.12319835275411606
Train,LOW,Train_047_LOW.bin,0.0,6338.0,84.83148956298828,48.08152770996094,78.0,135.0,158.0,237.0,296.0,486.0,0.01360361328125,0.0,1.0,0.013384589925408363,0.0075862291269004345,0.012306720949709415,0.024929000064730644,0.03739349916577339,0.07668033987283707
Train,HIGH,Train_047_HIGH.bin,0.0,35553.0,177.8156280517578,379.2344055175781,94.0,265.0,622.0,1857.0,2548.0,4438.0,0.0136037109375,0.0,1.0,0.005001421552151442,0.01066673081368208,0.0026439400389790535,0.017495008185505867,0.05223187804222107,0.12482772022485733
Train,LOW,Train_048_LOW.bin,0.0,1495.0,84.0075912475586,45.285850524902344,78.0,132.0,153.0,223.0,285.0,477.0,0.013603515625,0.0,1.0,0.05619242042303085,0.030291534960269928,0.052173912525177,0.10234113782644272,0.1491638869047165,0.31906354427337646
Train,HIGH,Train_048_HIGH.bin,0.0,14242.0,150.2484588623047,251.50030517578125,91.0,263.0,466.0,1262.0,1740.0,3047.0,0.013603564453125,0.0,1.0,0.010549674741923809,0.017659058794379234,0.006389552261680365,0.03272012248635292,0.08861114829778671,0.213944673538208
Train,LOW,Train_049_LOW.bin,0.0,2507.0,89.54429626464844,49.358821868896484,83.0,141.0,163.0,242.0,318.0,534.0,0.013603564453125,0.0,1.0,0.03571772575378418,0.019688399508595467,0.033107299357652664,0.0650179460644722,0.09652971476316452,0.21300359070301056
Train,HIGH,Train_049_HIGH.bin,0.0,23660.0,154.58676147460938,290.2801818847656,91.0,239.0,469.0,1490.0,2095.0,3564.0,0.013603515625,0.0,1.0,0.006533684674650431,0.012268810532987118,0.003846153849735856,0.019822485744953156,0.06297548860311508,0.15063397586345673
Train,LOW,Train_050_LOW.bin,0.0,1105.0,85.65062713623047,42.62639617919922,80.0,135.0,156.0,210.0,248.0,400.0,0.013603515625,0.0,1.0,0.07751192152500153,0.038575898855924606,0.07239819318056107,0.1411764770746231,0.19004525244235992,0.36199095845222473
Train,HIGH,Train_050_HIGH.bin,0.0,9991.0,157.3370819091797,277.3105163574219,95.0,252.0,469.0,1395.0,1926.0,3438.0,0.013603515625,0.0,1.0,0.015747888013720512,0.02775602601468563,0.009508557617664337,0.046942248940467834,0.1396256685256958,0.3441096842288971
Train,LOW,Train_051_LOW.bin,0.0,2652.0,82.91499328613281,40.28935241699219,78.0,131.0,149.0,197.0,227.0,368.0,0.013603662109375,0.0,1.0,0.031265128403902054,0.015192071907222271,0.029411764815449715,0.056184012442827225,0.07428356260061264,0.1387632042169571
Train,HIGH,Train_051_HIGH.bin,0.0,15394.0,137.54598999023438,214.642578125,89.0,226.0,397.0,1067.0,1476.0,2635.0,0.01360361328125,0.0,1.0,0.008935045450925827,0.013943258672952652,0.005781473126262426,0.02578926831483841,0.06931272149085999,0.17117059230804443
Train,LOW,Train_052_LOW.bin,0.0,2026.0,88.92406463623047,53.83839416503906,80.0,142.0,170.0,278.0,355.0,580.0,0.01360361328125,0.0,1.0,0.04389147460460663,0.02657374180853367,0.03948667272925377,0.08390918374061584,0.13721619546413422,0.2862783670425415
Train,HIGH,Train_052_HIGH.bin,0.0,21213.0,187.84181213378906,377.0718078613281,99.0,283.0,677.0,1982.0,2626.0,4271.0,0.01360361328125,0.0,1.0,0.008855038322508335,0.01777549460530281,0.00466694962233305,0.03191439062356949,0.09343326836824417,0.20133879780769348
Train,LOW,Train_053_LOW.bin,0.0,1599.0,86.6890640258789,46.170406341552734,81.0,136.0,157.0,225.0,286.0,486.0,0.01360361328125,0.0,1.0,0.05421460419893265,0.028874557465314865,0.05065666139125824,0.09818636626005173,0.1407129466533661,0.30393996834754944
Train,HIGH,Train_053_HIGH.bin,0.0,15938.0,142.61038208007812,232.79161071777344,90.0,231.0,414.0,1198.0,1651.0,2859.0,0.013603564453125,0.0,1.0,0.00894781295210123,0.014606072567403316,0.005646881647408009,0.025975655764341354,0.07516627013683319,0.17938260734081268
Train,LOW,Train_054_LOW.bin,0.0,3581.0,80.36231231689453,42.73869323730469,75.0,127.0,145.0,201.0,250.0,458.0,0.013603564453125,0.0,1.0,0.022441333159804344,0.011934849433600903,0.02094387076795101,0.040491484105587006,0.0561295710504055,0.1278972327709198
Train,HIGH,Train_054_HIGH.bin,0.0,24943.0,134.13563537597656,236.72796630859375,86.0,203.0,383.0,1101.0,1588.0,3089.0,0.013603515625,0.0,1.0,0.005377694498747587,0.009490760043263435,0.0034478611778467894,0.015355009585618973,0.044140640646219254,0.12384235858917236
Train,LOW,Train_055_LOW.bin,0.0,1545.0,85.130615234375,41.46322250366211,80.0,135.0,154.0,204.0,235.0,374.0,0.0136037109375,0.0,1.0,0.05510081350803375,0.026837026700377464,0.051779936999082565,0.09967637807130814,0.13203883171081543,0.24207119643688202
Train,HIGH,Train_055_HIGH.bin,0.0,14842.0,139.49253845214844,232.46658325195312,92.0,207.0,369.0,1165.0,1664.0,2969.0,0.01360361328125,0.0,1.0,0.009398496709764004,0.01566276140511036,0.006198625545948744,0.024861877784132957,0.07849346101284027,0.20004042983055115
Train,LOW,Train_056_LOW.bin,0.0,3299.0,83.16703796386719,38.899078369140625,79.0,132.0,150.0,194.0,217.0,301.0,0.013603564453125,0.0,1.0,0.025209767743945122,0.011791184544563293,0.023946650326251984,0.045468322932720184,0.05880570039153099,0.09123977273702621
Train,HIGH,Train_056_HIGH.bin,0.0,18578.0,139.4341583251953,227.95118713378906,90.0,219.0,394.0,1169.0,1591.0,2805.0,0.013603515625,0.0,1.0,0.007505346089601517,0.012269945815205574,0.004844439681619406,0.02120788022875786,0.06292388588190079,0.15098503232002258
Train,LOW,Train_057_LOW.bin,0.0,1077.0,81.3620834350586,39.758609771728516,77.0,129.0,147.0,198.0,231.0,356.0,0.01360380859375,0.0,1.0,0.0755450576543808,0.03691607713699341,0.07149489223957062,0.13649025559425354,0.18384401500225067,0.3305478096008301
Train,HIGH,Train_057_HIGH.bin,0.0,13284.0,130.75160217285156,176.8968963623047,91.0,211.0,356.0,943.0,1252.0,2049.0,0.013603515625,0.0,1.0,0.009842799045145512,0.013316541910171509,0.006850346457213163,0.02679915726184845,0.07098765671253204,0.15424570441246033
Train,LOW,Train_058_LOW.bin,0.0,5809.0,84.80572509765625,39.169429779052734,81.0,134.0,152.0,195.0,218.0,297.0,0.013603515625,0.0,1.0,0.014599030837416649,0.00674288859590888,0.01394387986510992,0.026166293770074844,0.0335686020553112,0.051127560436725616
Train,HIGH,Train_058_HIGH.bin,0.0,26828.0,125.97055053710938,177.00390625,90.0,193.0,320.0,908.0,1240.0,2155.0,0.013603662109375,0.0,1.0,0.004695490002632141,0.0065977247431874275,0.0033547040075063705,0.011927836574614048,0.03384523466229439,0.08032652735710144
Train,LOW,Train_059_LOW.bin,0.0,1551.0,88.284912109375,49.86834716796875,81.0,141.0,168.0,260.0,320.0,492.0,0.013603662109375,0.0,1.0,0.056921184062957764,0.03215236961841583,0.05222437158226967,0.10831721127033234,0.1676337867975235,0.317214697599411
Train,HIGH,Train_059_HIGH.bin,0.0,17048.0,181.0369415283203,356.6564025878906,96.0,266.0,667.0,1904.0,2464.0,3895.0,0.013603515625,0.0,1.0,0.010619256645441055,0.020920712500810623,0.00563115905970335,0.03912482410669327,0.1116846576333046,0.2284725457429886
Train,LOW,Train_060_LOW.bin,0.0,10125.0,83.82669067382812,42.22207260131836,79.0,133.0,152.0,199.0,224.0,328.0,0.0136037109375,0.0,1.0,0.008279173634946346,0.0041700792498886585,0.007802469190210104,0.015012345276772976,0.019654320552945137,0.03239506110548973
Train,HIGH,Train_060_HIGH.bin,0.0,38614.0,128.9031524658203,219.5904083251953,88.0,196.0,324.0,975.0,1419.0,2729.0,0.013603564453125,0.0,1.0,0.003338254988193512,0.005686810240149498,0.0022789661306887865,0.008390739560127258,0.025249909609556198,0.07067384570837021
Train,LOW,Train_061_LOW.bin,0.0,8937.0,83.63566589355469,42.77039337158203,78.0,132.0,152.0,208.0,250.0,388.0,0.013603564453125,0.0,1.0,0.009358375333249569,0.004785767290741205,0.00872776098549366,0.017007945105433464,0.023274028673768044,0.04341501742601395
Train,HIGH,Train_061_HIGH.bin,0.0,33265.0,146.85891723632812,220.02540588378906,95.0,254.0,440.0,1123.0,1501.0,2471.0,0.013603515625,0.0,1.0,0.004414819180965424,0.00661432184278965,0.0028558545745909214,0.013227115385234356,0.03375920653343201,0.07428228110074997
Train,LOW,Train_062_LOW.bin,0.0,1181.0,83.58615112304688,38.36821365356445,79.0,132.0,150.0,191.0,213.0,301.0,0.01360361328125,0.0,1.0,0.07077573984861374,0.032487913966178894,0.06689246743917465,0.1270110011100769,0.16172735393047333,0.254868745803833
Train,HIGH,Train_062_HIGH.bin,0.0,9926.0,113.63081359863281,155.1825408935547,82.0,174.0,280.0,785.0,1102.0,1918.0,0.013603564453125,0.0,1.0,0.011447800323367119,0.0156339593231678,0.008261132054030895,0.028208743780851364,0.07908523082733154,0.19322989881038666
Train,LOW,Train_063_LOW.bin,0.0,1982.0,79.25001525878906,37.378028869628906,75.0,125.0,143.0,185.0,209.0,303.0,0.013603564453125,0.0,1.0,0.03998493775725365,0.018858743831515312,0.03784056380391121,0.07214934378862381,0.09334006160497665,0.1528758853673935
Train,HIGH,Train_063_HIGH.bin,0.0,11101.0,132.26715087890625,196.6637725830078,89.0,208.0,366.0,1038.0,1392.0,2299.0,0.01360361328125,0.0,1.0,0.01191489864140749,0.01771584339439869,0.008017295971512794,0.03297000378370285,0.09350509196519852,0.20709845423698425
Train,LOW,Train_064_LOW.bin,0.0,2305.0,86.90061950683594,47.812374114990234,80.0,139.0,165.0,250.0,302.0,451.0,0.013603564453125,0.0,1.0,0.03770092502236366,0.020742909982800484,0.03470715880393982,0.07158351689577103,0.10845986753702164,0.19566160440444946
Train,HIGH,Train_064_HIGH.bin,0.0,20668.0,180.7134552001953,354.2979431152344,97.0,265.0,662.0,1891.0,2469.0,3884.0,0.01360361328125,0.0,1.0,0.008743629790842533,0.017142340540885925,0.004693245515227318,0.03203019127249718,0.09149409830570221,0.1879233568906784
Train,LOW,Train_065_LOW.bin,0.0,1072.0,80.67980194091797,36.61608123779297,77.0,127.0,145.0,184.0,202.0,259.0,0.013603759765625,0.0,1.0,0.07526105642318726,0.03415679559111595,0.07182835787534714,0.1352611929178238,0.17164179682731628,0.24160447716712952
Train,HIGH,Train_065_HIGH.bin,0.0,11630.0,127.7749252319336,170.2837677001953,87.0,218.0,358.0,900.0,1172.0,1914.0,0.013603515625,0.0,1.0,0.010986674576997757,0.014641768299043179,0.007480653468519449,0.030782459303736687,0.07738607376813889,0.16457436978816986
Train,LOW,Train_066_LOW.bin,0.0,6984.0,83.44168090820312,46.990577697753906,77.0,132.0,153.0,227.0,289.0,485.0,0.0136037109375,0.0,1.0,0.011947553604841232,0.006728319451212883,0.011025200597941875,0.02190721593797207,0.03250286355614662,0.0694444477558136
Train,HIGH,Train_066_HIGH.bin,0.0,38123.0,181.0001220703125,388.1403503417969,95.0,267.0,643.0,1911.0,2623.0,4589.0,0.013603515625,0.0,1.0,0.004747801460325718,0.01018127053976059,0.0024919339921325445,0.01686645857989788,0.050127219408750534,0.12037352472543716
Train,LOW,Train_067_LOW.bin,0.0,1341.0,82.52823638916016,39.49406051635742,78.0,131.0,149.0,196.0,223.0,335.0,0.013603564453125,0.0,1.0,0.06154228001832962,0.029451197013258934,0.058165546506643295,0.1111111119389534,0.1461595892906189,0.24981357157230377
Train,HIGH,Train_067_HIGH.bin,0.0,9445.0,129.6190643310547,183.61978149414062,90.0,206.0,353.0,927.0,1263.0,2259.0,0.013603515625,0.0,1.0,0.013723562471568584,0.01944095641374588,0.009528851136565208,0.03737427294254303,0.09814716875553131,0.23917417228221893
Train,LOW,Train_068_LOW.bin,0.0,1894.0,83.96223449707031,41.11826705932617,79.0,132.0,152.0,206.0,242.0,364.0,0.013603759765625,0.0,1.0,0.04433060809969902,0.021709753200411797,0.041710663586854935,0.08025342971086502,0.10876452177762985,0.19218584895133972
Train,HIGH,Train_068_HIGH.bin,0.0,9413.0,140.3340301513672,198.25628662109375,92.0,243.0,426.0,1036.0,1363.0,2214.0,0.01360361328125,0.0,1.0,0.014908558689057827,0.021061953157186508,0.009773717261850834,0.04525655880570412,0.11006055772304535,0.23520663380622864
Train,LOW,Train_069_LOW.bin,0.0,7725.0,87.58012390136719,44.89411926269531,82.0,139.0,161.0,219.0,258.0,408.0,0.013603515625,0.0,1.0,0.011337246745824814,0.00581153342500329,0.01061488687992096,0.02084142342209816,0.028349515050649643,0.05281553417444229
Train,HIGH,Train_069_HIGH.bin,0.0,35217.0,125.23637390136719,178.36215209960938,88.0,194.0,340.0,873.0,1196.0,2110.0,0.013603564453125,0.0,1.0,0.003556131850928068,0.005064661614596844,0.0024987931828945875,0.009654427878558636,0.02478916384279728,0.0599142462015152
Train,LOW,Train_070_LOW.bin,0.0,2006.0,85.6184310913086,47.722259521484375,79.0,135.0,157.0,237.0,305.0,506.0,0.013603515625,0.0,1.0,0.042681265622377396,0.02378975600004196,0.039381854236125946,0.07826520502567291,0.11814556270837784,0.2522432804107666
Train,HIGH,Train_070_HIGH.bin,0.0,30626.0,155.0691375732422,258.8573913574219,96.0,266.0,474.0,1306.0,1779.0,3061.0,0.013603515625,0.0,1.0,0.005063311196863651,0.008452209644019604,0.00313459150493145,0.015477045439183712,0.042643506079912186,0.09994775801897049
Train,LOW,Train_071_LOW.bin,0.0,2396.0,87.01667022705078,46.904144287109375,81.0,138.0,160.0,224.0,271.0,482.0,0.013603515625,0.0,1.0,0.03631748631596565,0.019576024264097214,0.033806342631578445,0.06677796691656113,0.0934891477227211,0.20116861164569855
Train,HIGH,Train_071_HIGH.bin,0.0,19991.0,150.72666931152344,248.89784240722656,97.0,246.0,441.0,1160.0,1604.0,3129.0,0.01360361328125,0.0,1.0,0.007539727725088596,0.012450491078197956,0.0048521836288273335,0.022059926763176918,0.058026112616062164,0.15652044117450714
Train,LOW,Train_072_LOW.bin,0.0,4115.0,83.86444091796875,41.1339111328125,79.0,132.0,151.0,201.0,235.0,382.0,0.013603515625,0.0,1.0,0.020380176603794098,0.009996091946959496,0.019198056310415268,0.03669501841068268,0.04884568601846695,0.09283110499382019
Train,HIGH,Train_072_HIGH.bin,0.0,27922.0,117.65492248535156,184.91354370117188,84.0,172.0,279.0,878.0,1291.0,2446.0,0.01360361328125,0.0,1.0,0.004213703330606222,0.006622503511607647,0.0030083805322647095,0.009992120787501335,0.0314447395503521,0.0876011773943901
Train,LOW,Train_073_LOW.bin,0.0,1495.0,83.62342834472656,43.42659378051758,78.0,132.0,153.0,221.0,273.0,420.0,0.013603515625,0.0,1.0,0.05593544989824295,0.029047902673482895,0.052173912525177,0.10234113782644272,0.14782609045505524,0.28093644976615906
Train,HIGH,Train_073_HIGH.bin,0.0,10466.0,155.12252807617188,248.71437072753906,93.0,271.0,504.0,1318.0,1735.0,2778.0,0.01360361328125,0.0,1.0,0.014821573160588741,0.023764023557305336,0.008885916322469711,0.04815593361854553,0.12593159079551697,0.26543092727661133
Train,LOW,Train_074_LOW.bin,0.0,1233.0,84.56818389892578,42.68943405151367,79.0,134.0,154.0,212.0,255.0,408.0,0.013603515625,0.0,1.0,0.06858732551336288,0.03462240472435951,0.06407137215137482,0.12489861994981766,0.17193835973739624,0.33090025186538696
Train,HIGH,Train_074_HIGH.bin,0.0,26072.0,138.63540649414062,217.21224975585938,88.0,231.0,413.0,1115.0,1512.0,2575.0,0.013603564453125,0.0,1.0,0.005317415576428175,0.008331251330673695,0.003375268541276455,0.015840748324990273,0.04276618734002113,0.09876495599746704
Train,LOW,Train_075_LOW.bin,0.0,7923.0,81.57833862304688,44.326969146728516,76.0,129.0,149.0,207.0,247.0,409.0,0.01360361328125,0.0,1.0,0.010296394117176533,0.005594721529632807,0.009592326357960701,0.018806008622050285,0.026126466691493988,0.05162186175584793
Train,HIGH,Train_075_HIGH.bin,0.0,35086.0,138.73727416992188,266.1882019042969,88.0,204.0,385.0,1217.0,1740.0,3169.0,0.013603564453125,0.0,1.0,0.003954199608415365,0.007586732506752014,0.0025081229396164417,0.010973037220537663,0.03468620032072067,0.09032092243432999
Train,LOW,Train_076_LOW.bin,0.0,1798.0,80.62886047363281,37.842105865478516,76.0,127.0,145.0,189.0,214.0,310.0,0.013603759765625,0.0,1.0,0.044843729585409164,0.021046778187155724,0.04226918891072273,0.08064515888690948,0.10511679947376251,0.17241379618644714
Train,HIGH,Train_076_HIGH.bin,0.0,13922.0,124.97701263427734,179.9059600830078,87.0,194.0,322.0,921.0,1286.0,2217.0,0.013603515625,0.0,1.0,0.008976944722235203,0.012922421097755432,0.006249102298170328,0.02312886156141758,0.06615428626537323,0.1592443585395813
Train,LOW,Train_077_LOW.bin,0.0,1638.0,87.0887222290039,50.69327163696289,79.0,138.0,164.0,262.0,335.0,534.0,0.013603564453125,0.0,1.0,0.053167674690485,0.03094831109046936,0.04822954908013344,0.10012210160493851,0.15995116531848907,0.32600733637809753
Train,HIGH,Train_077_HIGH.bin,0.0,19750.0,183.85264587402344,373.5064697265625,97.0,273.0,668.0,1957.0,2606.0,4264.0,0.013603564453125,0.0,1.0,0.00930901151150465,0.01891171559691429,0.0049113924615085125,0.033822786062955856,0.09908860921859741,0.21589873731136322
Train,LOW,Train_078_LOW.bin,0.0,2474.0,82.96144104003906,40.12771224975586,78.0,130.0,149.0,194.0,223.0,376.0,0.013603564453125,0.0,1.0,0.03353336453437805,0.016219761222600937,0.031527891755104065,0.060226354748010635,0.07841552048921585,0.15198059380054474
Train,HIGH,Train_078_HIGH.bin,0.0,16868.0,123.22482299804688,193.27877807617188,86.0,186.0,306.0,907.0,1301.0,2562.0,0.01360361328125,0.0,1.0,0.007305235136300325,0.011458311229944229,0.005098411347717047,0.01814085803925991,0.05377045273780823,0.1518852263689041
Train,LOW,Train_079_LOW.bin,0.0,1387.0,82.57264709472656,39.14896011352539,78.0,130.0,149.0,195.0,223.0,330.0,0.01360361328125,0.0,1.0,0.059533361345529556,0.028225665912032127,0.05623648315668106,0.10742609947919846,0.14059120416641235,0.23792357742786407
Train,HIGH,Train_079_HIGH.bin,0.0,15620.0,138.7154541015625,213.00567626953125,91.0,216.0,407.0,1112.0,1486.0,2515.0,0.0136037109375,0.0,1.0,0.008880632929503918,0.013636738993227482,0.005825864151120186,0.026056338101625443,0.07119078189134598,0.16101151704788208
Train,LOW,Train_080_LOW.bin,0.0,5553.0,83.46098327636719,41.58634567260742,78.0,134.0,156.0,218.0,246.0,309.0,0.013603662109375,0.0,1.0,0.015029878355562687,0.007488981354981661,0.014046461321413517,0.028092922642827034,0.03925805911421776,0.055645596235990524
Train,HIGH,Train_080_HIGH.bin,0.0,31959.0,116.93516540527344,152.48739624023438,86.0,191.0,290.0,726.0,985.0,1729.0,0.01360361328125,0.0,1.0,0.0036589133087545633,0.0047713411040604115,0.002690947847440839,0.009074126370251179,0.02271660603582859,0.05410056561231613
Train,LOW,Train_081_LOW.bin,0.0,2550.0,88.2445068359375,43.27256774902344,83.0,139.0,159.0,215.0,254.0,394.0,0.013603515625,0.0,1.0,0.03460574522614479,0.016969630494713783,0.032549019902944565,0.06235294044017792,0.08431372791528702,0.1545097976922989
Train,HIGH,Train_081_HIGH.bin,0.0,19387.0,170.44845581054688,333.15057373046875,93.0,286.0,552.0,1705.0,2330.0,3993.0,0.013603662109375,0.0,1.0,0.00879188533872366,0.01718420721590519,0.004797028843313456,0.028472688049077988,0.08794552832841873,0.20596276223659515
Train,LOW,Train_082_LOW.bin,0.0,1197.0,80.0903091430664,36.938446044921875,76.0,127.0,144.0,184.0,205.0,285.0,0.013603515625,0.0,1.0,0.06690910458564758,0.03085922636091709,0.0634920671582222,0.12030075490474701,0.15371762216091156,0.2380952388048172
Train,HIGH,Train_082_HIGH.bin,0.0,17208.0,129.41375732421875,176.02938842773438,92.0,208.0,343.0,878.0,1220.0,2205.0,0.013603564453125,0.0,1.0,0.007520562037825584,0.010229512117803097,0.005346350371837616,0.019932588562369347,0.05102277919650078,0.12813808023929596
Train,LOW,Train_083_LOW.bin,0.0,1954.0,80.87818908691406,37.18865203857422,77.0,128.0,145.0,186.0,206.0,281.0,0.013603662109375,0.0,1.0,0.0413910411298275,0.019032061100006104,0.039406344294548035,0.07420675456523895,0.09518935531377792,0.1438075751066208
Train,HIGH,Train_083_HIGH.bin,0.0,12423.0,119.58192443847656,155.19290161132812,86.0,188.0,310.0,821.0,1103.0,1845.0,0.01360361328125,0.0,1.0,0.00962583813816309,0.012492379173636436,0.006922643631696701,0.02495371550321579,0.06608709692955017,0.14851485192775726
Train,LOW,Train_084_LOW.bin,0.0,3059.0,84.25420379638672,41.143001556396484,79.0,133.0,153.0,207.0,242.0,360.0,0.013603564453125,0.0,1.0,0.027543071657419205,0.013449810445308685,0.025825433433055878,0.05001634359359741,0.06766917556524277,0.11768551915884018
Train,HIGH,Train_084_HIGH.bin,0.0,20591.0,137.10986328125,190.54281616210938,91.0,237.0,407.0,998.0,1317.0,2159.0,0.013603564453125,0.0,1.0,0.0066587249748408794,0.009253695607185364,0.004419406410306692,0.01976591721177101,0.04846777766942978,0.104851633310318
Train,LOW,Train_085_LOW.bin,0.0,2194.0,82.6739501953125,37.49141311645508,79.0,130.0,148.0,188.0,207.0,279.0,0.013603564453125,0.0,1.0,0.037681907415390015,0.0170881487429142,0.036007292568683624,0.0674566999077797,0.08568824082612991,0.12716498970985413
Train,HIGH,Train_085_HIGH.bin,0.0,11305.0,126.93123626708984,173.60084533691406,93.0,191.0,306.0,877.0,1210.0,2163.0,0.013603515625,0.0,1.0,0.011227879673242569,0.01535611879080534,0.00822644867002964,0.027067668735980988,0.07757629454135895,0.19133126735687256
Train,LOW,Train_086_LOW.bin,0.0,1231.0,83.75841522216797,41.241249084472656,79.0,132.0,152.0,207.0,249.0,379.0,0.013603759765625,0.0,1.0,0.06804098188877106,0.03350222110748291,0.06417546421289444,0.12347684800624847,0.1681559681892395,0.307879775762558
Train,HIGH,Train_086_HIGH.bin,0.0,7778.0,149.10546875,222.7317352294922,95.0,259.0,448.0,1201.0,1612.0,2534.0,0.01360361328125,0.0,1.0,0.019170155748724937,0.02863612398505211,0.012213937006890774,0.057598356157541275,0.15440987050533295,0.3257907032966614
Train,LOW,Train_087_LOW.bin,0.0,2047.0,84.03915405273438,38.531829833984375,80.0,132.0,150.0,193.0,215.0,300.0,0.01360361328125,0.0,1.0,0.04105483740568161,0.018823573365807533,0.03908158466219902,0.07327796518802643,0.09428431838750839,0.14655593037605286
Train,HIGH,Train_087_HIGH.bin,0.0,22825.0,122.88314056396484,179.3233184814453,86.0,187.0,310.0,922.0,1289.0,2201.0,0.0136037109375,0.0,1.0,0.0053837052546441555,0.007856449112296104,0.0037677984219044447,0.013581599108874798,0.04039430618286133,0.09642935544252396
Train,LOW,Train_088_LOW.bin,0.0,1584.0,86.95716094970703,44.338951110839844,81.0,137.0,158.0,222.0,272.0,429.0,0.01360361328125,0.0,1.0,0.05489712581038475,0.027991782873868942,0.05113636329770088,0.09974747151136398,0.1401515156030655,0.2708333432674408
Train,HIGH,Train_088_HIGH.bin,0.0,14238.0,143.2035675048828,228.61410522460938,91.0,234.0,428.0,1164.0,1585.0,2661.0,0.01360361328125,0.0,1.0,0.0100578423589468,0.016056613996624947,0.006391346920281649,0.030060401186347008,0.08175305277109146,0.1868942230939865
Train,LOW,Train_089_LOW.bin,0.0,2018.0,84.59805297851562,40.582820892333984,80.0,134.0,153.0,199.0,225.0,334.0,0.01360361328125,0.0,1.0,0.04192175343632698,0.020110419020056725,0.03964320942759514,0.07581764459609985,0.09861248731613159,0.1655104011297226
Train,HIGH,Train_089_HIGH.bin,0.0,26604.0,121.37991333007812,153.13525390625,91.0,190.0,296.0,763.0,1028.0,1816.0,0.013603564453125,0.0,1.0,0.004562456626445055,0.005756101105362177,0.003420538268983364,0.011126146651804447,0.028679898008704185,0.06826040893793106
Train,LOW,Train_090_LOW.bin,0.0,2066.0,85.93721008300781,49.8568115234375,79.0,136.0,159.0,247.0,324.0,552.0,0.013603662109375,0.0,1.0,0.041595958173274994,0.024132048711180687,0.03823814168572426,0.07696031033992767,0.11955469846725464,0.26718297600746155
Train,HIGH,Train_090_HIGH.bin,0.0,19196.0,180.73532104492188,373.3862609863281,97.0,286.0,587.0,1878.0,2608.0,4565.0,0.013603564453125,0.0,1.0,0.009415257722139359,0.019451254978775978,0.00505313603207469,0.03057928755879402,0.09783288091421127,0.237809956073761
Train,LOW,Train_091_LOW.bin,0.0,3399.0,79.72083282470703,35.544273376464844,76.0,126.0,142.0,178.0,194.0,237.0,0.01360361328125,0.0,1.0,0.023454228416085243,0.010457273572683334,0.022359518334269524,0.04177699238061905,0.052368342876434326,0.06972639262676239
Train,HIGH,Train_091_HIGH.bin,0.0,21379.0,116.09024810791016,130.7811279296875,90.0,179.0,269.0,703.0,936.0,1522.0,0.013603564453125,0.0,1.0,0.005430099554359913,0.00611727312207222,0.004209738690406084,0.012582440860569477,0.03288273513317108,0.07119135558605194
Train,LOW,Train_092_LOW.bin,0.0,2132.0,90.07697296142578,48.11048126220703,84.0,143.0,165.0,230.0,278.0,491.0,0.013603662109375,0.0,1.0,0.04224999248981476,0.022565897554159164,0.03939962387084961,0.07739212363958359,0.10787992179393768,0.2303001880645752
Train,HIGH,Train_092_HIGH.bin,0.0,25621.0,143.8983154296875,235.62744140625,95.0,225.0,398.0,1113.0,1545.0,2982.0,0.013603515625,0.0,1.0,0.005616429727524519,0.00919665489345789,0.003707895753905177,0.015534131787717342,0.04344092682003975,0.11638890206813812
Train,LOW,Train_093_LOW.bin,0.0,1532.0,83.61046600341797,45.24592971801758,77.0,133.0,155.0,227.0,282.0,454.0,0.01360361328125,0.0,1.0,0.05457605421543121,0.02953389659523964,0.05026109516620636,0.10117493569850922,0.1481723189353943,0.2963446378707886
Train,HIGH,Train_093_HIGH.bin,0.0,20638.0,158.7432403564453,303.3773193359375,90.0,232.0,545.0,1567.0,2103.0,3501.0,0.013603515625,0.0,1.0,0.007691789884120226,0.014699944294989109,0.004360887687653303,0.026407597586512566,0.07592789828777313,0.169638529419899
Train,LOW,Train_094_LOW.bin,0.0,2270.0,88.7590560913086,45.02549362182617,83.0,141.0,163.0,224.0,264.0,416.0,0.013603515625,0.0,1.0,0.03910089284181595,0.019835028797388077,0.03656387701630592,0.0718061700463295,0.09867841750383377,0.18325991928577423
Train,HIGH,Train_094_HIGH.bin,0.0,19457.0,151.17709350585938,229.32415771484375,98.0,251.0,449.0,1173.0,1565.0,2677.0,0.013603564453125,0.0,1.0,0.007769797462970018,0.011786208488047123,0.005036747548729181,0.023076526820659637,0.060286786407232285,0.13758544623851776
Train,LOW,Train_095_LOW.bin,0.0,1727.0,83.94954681396484,41.0329475402832,79.0,133.0,152.0,205.0,240.0,363.0,0.013603759765625,0.0,1.0,0.048610053956508636,0.023759668692946434,0.04574406519532204,0.0880138948559761,0.1187029555439949,0.21019108593463898
Train,HIGH,Train_095_HIGH.bin,0.0,17069.0,135.0380401611328,191.9615478515625,91.0,225.0,384.0,1003.0,1346.0,2253.0,0.013603515625,0.0,1.0,0.007911291904747486,0.011246214620769024,0.005331302527338266,0.022496923804283142,0.05876149609684944,0.13199366629123688
Train,LOW,Train_096_LOW.bin,0.0,1804.0,86.86713409423828,41.791934967041016,82.0,138.0,158.0,208.0,236.0,343.0,0.013603662109375,0.0,1.0,0.04815249890089035,0.023166270926594734,0.04545454680919647,0.08758314698934555,0.11529933661222458,0.19013303518295288
Train,HIGH,Train_096_HIGH.bin,0.0,24086.0,132.8610382080078,181.51930236816406,92.0,216.0,373.0,929.0,1217.0,2064.0,0.01360361328125,0.0,1.0,0.005516107194125652,0.007536302786320448,0.0038196463137865067,0.015486174263060093,0.03857012465596199,0.08569293469190598
Train,LOW,Train_097_LOW.bin,0.0,1148.0,81.50444793701172,38.527069091796875,77.0,130.0,149.0,194.0,216.0,291.0,0.013603662109375,0.0,1.0,0.07099694013595581,0.03356018662452698,0.06707317382097244,0.12979094684123993,0.16898955404758453,0.253484308719635
Train,HIGH,Train_097_HIGH.bin,0.0,9361.0,127.44497680664062,179.20614624023438,90.0,202.0,323.0,889.0,1237.0,2286.0,0.01360361328125,0.0,1.0,0.013614460825920105,0.019143907353281975,0.009614357724785805,0.034504860639572144,0.09496848285198212,0.24420468509197235
Train,LOW,Train_098_LOW.bin,0.0,2981.0,88.28778839111328,42.853336334228516,83.0,140.0,161.0,216.0,248.0,357.0,0.01360361328125,0.0,1.0,0.02961684577167034,0.01437548641115427,0.02784300595521927,0.05400872230529785,0.0724589079618454,0.1197584718465805
Train,HIGH,Train_098_HIGH.bin,0.0,22747.0,141.21104431152344,192.687255859375,96.0,231.0,414.0,1027.0,1330.0,2072.0,0.013603662109375,0.0,1.0,0.006207894533872604,0.00847089383751154,0.004220336675643921,0.01820020191371441,0.0451488122344017,0.09108893573284149
Train,LOW,Train_099_LOW.bin,0.0,1337.0,84.98583221435547,43.630130767822266,79.0,134.0,154.0,218.0,269.0,423.0,0.013603515625,0.0,1.0,0.06356460601091385,0.032632872462272644,0.05908751115202904,0.11518324911594391,0.16305160522460938,0.31637996435165405
Train,HIGH,Train_099_HIGH.bin,0.0,24512.0,145.54217529296875,231.48287963867188,91.0,243.0,446.0,1201.0,1621.0,2676.0,0.013603564453125,0.0,1.0,0.005937587935477495,0.009443654678761959,0.003712467383593321,0.018195169046521187,0.04899641126394272,0.10917101800441742
Train,LOW,Train_100_LOW.bin,0.0,1615.0,85.0785903930664,43.99936294555664,79.0,135.0,157.0,219.0,258.0,412.0,0.013603515625,0.0,1.0,0.05268026143312454,0.027244193479418755,0.04891640692949295,0.09721362590789795,0.13560371100902557,0.2551083564758301
Train,HIGH,Train_100_HIGH.bin,0.0,15281.0,142.700439453125,264.4848937988281,90.0,208.0,388.0,1278.0,1827.0,3361.0,0.013603564453125,0.0,1.0,0.009338433854281902,0.017308088019490242,0.005889666732400656,0.02539100870490074,0.08363326638936996,0.21994633972644806
Train,LOW,Train_101_LOW.bin,0.0,3319.0,84.0978775024414,53.26752853393555,76.0,132.0,156.0,247.0,340.0,651.0,0.013603515625,0.0,1.0,0.025338320061564445,0.01604926772415638,0.022898463532328606,0.04700211063027382,0.0744200050830841,0.19614341855049133
Train,HIGH,Train_101_HIGH.bin,0.0,16812.0,164.99415588378906,366.73419189453125,94.0,251.0,458.0,1670.0,2565.0,4965.0,0.01360361328125,0.0,1.0,0.009814062155783176,0.02181382291018963,0.00559124443680048,0.027242446318268776,0.09933380782604218,0.29532477259635925
Train,LOW,Train_102_LOW.bin,0.0,2663.0,84.26293182373047,38.4860725402832,80.0,133.0,151.0,193.0,212.0,277.0,0.013603564453125,0.0,1.0,0.031642112880945206,0.01445215567946434,0.03004130721092224,0.05670296773314476,0.0724746510386467,0.10401802510023117
Train,HIGH,Train_102_HIGH.bin,0.0,12641.0,122.23823547363281,167.64065551757812,90.0,183.0,282.0,826.0,1171.0,2184.0,0.013603564453125,0.0,1.0,0.00967000238597393,0.013261665590107441,0.00711969006806612,0.022308360785245895,0.06534293293952942,0.1727711409330368
Train,LOW,Train_103_LOW.bin,0.0,2070.0,84.3353271484375,46.14543914794922,78.0,132.0,152.0,222.0,293.0,503.0,0.0136037109375,0.0,1.0,0.04074174910783768,0.022292485460639,0.037681158632040024,0.07342994958162308,0.10724637657403946,0.24299517273902893
Train,HIGH,Train_103_HIGH.bin,0.0,13715.0,139.11517333984375,236.83859252929688,90.0,211.0,373.0,1191.0,1710.0,2993.0,0.013603564453125,0.0,1.0,0.010143294930458069,0.017268573865294456,0.00656215799972415,0.027196500450372696,0.0868392288684845,0.21822822093963623
Train,LOW,Train_104_LOW.bin,0.0,5053.0,89.52013397216797,47.70427322387695,84.0,142.0,163.0,224.0,265.0,453.0,0.013603564453125,0.0,1.0,0.017716221511363983,0.009440776892006397,0.016623787581920624,0.032258063554763794,0.04433010146021843,0.08964971452951431
Train,HIGH,Train_104_HIGH.bin,0.0,31831.0,150.81228637695312,269.5215759277344,96.0,239.0,441.0,1193.0,1665.0,3385.0,0.013603515625,0.0,1.0,0.0047379061579704285,0.008467257022857666,0.0030159279704093933,0.013854418881237507,0.03747918829321861,0.1063428744673729
Train,LOW,Train_105_LOW.bin,0.0,4729.0,85.51009368896484,44.323768615722656,80.0,135.0,155.0,216.0,266.0,440.0,0.013603564453125,0.0,1.0,0.018082039430737495,0.009372754022479057,0.016916895285248756,0.03277648612856865,0.0456756167113781,0.09304292500019073
Train,HIGH,Train_105_HIGH.bin,0.0,36131.0,137.95896911621094,218.28677368164062,91.0,218.0,389.0,1106.0,1491.0,2542.0,0.01360361328125,0.0,1.0,0.0038183059077709913,0.0060415370389819145,0.002518612891435623,0.010766377672553062,0.030610833317041397,0.07035509496927261
Train,LOW,Train_106_LOW.bin,0.0,1294.0,81.91770935058594,39.12482452392578,77.0,129.0,147.0,193.0,222.0,338.0,0.013603564453125,0.0,1.0,0.06330578774213791,0.030235597863793373,0.0595054104924202,0.11360123753547668,0.14914992451667786,0.2612055540084839
Train,HIGH,Train_106_HIGH.bin,0.0,13160.0,143.32000732421875,234.2136688232422,93.0,230.0,407.0,1169.0,1616.0,2912.0,0.013603515625,0.0,1.0,0.01089057419449091,0.017797399312257767,0.007066869176924229,0.030927050858736038,0.08882978558540344,0.22127659618854523
Train,LOW,Train_107_LOW.bin,0.0,3744.0,85.30093383789062,56.21926498413086,78.0,134.0,156.0,248.0,357.0,721.0,0.01360361328125,0.0,1.0,0.02278340980410576,0.015015823766589165,0.02083333395421505,0.0416666679084301,0.06623931974172592,0.19257478415966034
Train,HIGH,Train_107_HIGH.bin,0.0,17590.0,175.12254333496094,411.37481689453125,95.0,262.0,491.0,1919.0,2928.0,5594.0,0.01360361328125,0.0,1.0,0.009955796413123608,0.023386867716908455,0.005400795955210924,0.027913587167859077,0.10909608006477356,0.31802159547805786
Train,LOW,Train_108_LOW.bin,0.0,1242.0,82.42424774169922,43.182830810546875,76.0,132.0,154.0,222.0,264.0,396.0,0.013603662109375,0.0,1.0,0.06636418402194977,0.03476877883076668,0.061191625893116,0.12399356067180634,0.17874395847320557,0.3188405930995941
Train,HIGH,Train_108_HIGH.bin,0.0,21340.0,172.06314086914062,331.5692138671875,95.0,255.0,605.0,1741.0,2301.0,3747.0,0.013603564453125,0.0,1.0,0.008062941022217274,0.015537448227405548,0.004451734013855457,0.02835051529109478,0.08158387988805771,0.1755857616662979
Train,LOW,Train_109_LOW.bin,0.0,1399.0,84.85964965820312,42.64969253540039,80.0,134.0,154.0,213.0,256.0,401.0,0.013603515625,0.0,1.0,0.06065740808844566,0.030485859140753746,0.057183701545000076,0.11007862538099289,0.15225160121917725,0.28663331270217896
Train,HIGH,Train_109_HIGH.bin,0.0,10448.0,125.49365234375,165.5188751220703,90.0,202.0,328.0,840.0,1125.0,1920.0,0.013603662109375,0.0,1.0,0.012011251412332058,0.015842163935303688,0.008614088408648968,0.031393568962812424,0.08039816468954086,0.18376722931861877
Train,LOW,Train_110_LOW.bin,0.0,1988.0,83.3699722290039,44.29996871948242,77.0,132.0,153.0,225.0,280.0,441.0,0.01360361328125,0.0,1.0,0.041936662048101425,0.022283682599663734,0.03873239457607269,0.07696177065372467,0.11317907273769379,0.22183097898960114
Train,HIGH,Train_110_HIGH.bin,0.0,12557.0,133.66554260253906,197.33938598632812,90.0,214.0,374.0,1030.0,1373.0,2313.0,0.01360361328125,0.0,1.0,0.010644703172147274,0.015715477988123894,0.007167316973209381,0.0297841839492321,0.08202596008777618,0.18420004844665527
Train,LOW,Train_111_LOW.bin,0.0,3551.0,83.61595153808594,45.19935607910156,77.0,133.0,156.0,230.0,279.0,438.0,0.01360361328125,0.0,1.0,0.023547152057290077,0.012728627771139145,0.021684031933546066,0.04393128678202629,0.06477048993110657,0.12334553897380829
Train,HIGH,Train_111_HIGH.bin,0.0,33885.0,176.655517578125,343.5458984375,95.0,276.0,633.0,1767.0,2369.0,3943.0,0.013603515625,0.0,1.0,0.00521337753161788,0.01013857964426279,0.0028036003932356834,0.018680831417441368,0.05214696750044823,0.11636417359113693
Train,LOW,Train_112_LOW.bin,0.0,895.0,83.89976501464844,40.08481216430664,79.0,134.0,155.0,208.0,233.0,291.0,0.01360361328125,0.0,1.0,0.09374278783798218,0.04478751868009567,0.08826815336942673,0.1731843501329422,0.2324022352695465,0.3251396715641022
Train,HIGH,Train_112_HIGH.bin,0.0,6252.0,123.09337615966797,142.95770263671875,91.0,206.0,302.0,748.0,1006.0,1671.0,0.013603515625,0.0,1.0,0.019688626751303673,0.02286592498421669,0.014555342495441437,0.048304542899131775,0.11964171379804611,0.2672744691371918
Train,LOW,Train_113_LOW.bin,0.0,3055.0,86.69566345214844,44.834510803222656,81.0,136.0,156.0,218.0,270.0,450.0,0.013603515625,0.0,1.0,0.028378287330269814,0.014675782062113285,0.02651391178369522,0.05106382817029953,0.07135842740535736,0.14729951322078705
Train,HIGH,Train_113_HIGH.bin,0.0,17158.0,157.66482543945312,291.9986267089844,94.0,253.0,466.0,1455.0,2020.0,3626.0,0.013603564453125,0.0,1.0,0.009189007803797722,0.017018217593431473,0.005478493869304657,0.027159342542290688,0.08480009436607361,0.21132999658584595
Train,LOW,Train_114_LOW.bin,0.0,965.0,82.39759063720703,38.58753204345703,78.0,130.0,148.0,194.0,220.0,312.0,0.013603515625,0.0,1.0,0.0853860080242157,0.039987046271562576,0.08082901686429977,0.15336787700653076,0.201036274433136,0.3233160674571991
Train,HIGH,Train_114_HIGH.bin,0.0,11022.0,138.1587677001953,201.81094360351562,92.0,223.0,384.0,1075.0,1451.0,2367.0,0.013603515625,0.0,1.0,0.012534825131297112,0.018309829756617546,0.008346942253410816,0.034839410334825516,0.09753220528364182,0.21475231647491455
Train,LOW,Train_115_LOW.bin,0.0,2199.0,87.35665130615234,44.81589126586914,82.0,139.0,160.0,218.0,256.0,419.0,0.01360361328125,0.0,1.0,0.03972563147544861,0.020380105823278427,0.03728967532515526,0.07276034355163574,0.09913597255945206,0.19054114818572998
Train,HIGH,Train_115_HIGH.bin,0.0,11552.0,144.4407958984375,219.29197692871094,96.0,237.0,417.0,1065.0,1453.0,2693.0,0.013603564453125,0.0,1.0,0.012503532692790031,0.018983041867613792,0.008310249075293541,0.03609764575958252,0.09219183027744293,0.23311980068683624
Train,LOW,Train_116_LOW.bin,0.0,3721.0,87.6048812866211,46.999019622802734,81.0,140.0,164.0,242.0,296.0,446.0,0.01360361328125,0.0,1.0,0.0235433429479599,0.012630742974579334,0.021768342703580856,0.044074174016714096,0.06503628194332123,0.11986025422811508
Train,HIGH,Train_116_HIGH.bin,0.0,32147.0,182.0261688232422,354.34234619140625,99.0,271.0,654.0,1862.0,2446.0,3897.0,0.013603564453125,0.0,1.0,0.005662307608872652,0.011022568680346012,0.003079602960497141,0.020344045013189316,0.05792142450809479,0.12122437357902527
Train,LOW,Train_117_LOW.bin,0.0,1586.0,83.09467315673828,41.617271423339844,78.0,131.0,150.0,202.0,239.0,398.0,0.0136037109375,0.0,1.0,0.05239270627498627,0.026240408420562744,0.04918032884597778,0.09457755088806152,0.12736444175243378,0.2509457767009735
Train,HIGH,Train_117_HIGH.bin,0.0,13095.0,139.44482421875,239.26309204101562,93.0,205.0,354.0,1157.0,1655.0,3150.0,0.013603564453125,0.0,1.0,0.010648693889379501,0.018271328881382942,0.007101947441697121,0.02703321911394596,0.08835433423519135,0.24054983258247375
Train,LOW,Train_118_LOW.bin,0.0,5910.0,84.34938049316406,40.394378662109375,80.0,134.0,153.0,201.0,226.0,311.0,0.01360361328125,0.0,1.0,0.014272328466176987,0.00683492049574852,0.013536378741264343,0.02588832564651966,0.0340101532638073,0.05262267217040062
Train,HIGH,Train_118_HIGH.bin,0.0,30393.0,128.0298309326172,178.29908752441406,91.0,200.0,338.0,894.0,1182.0,1919.0,0.013603564453125,0.0,1.0,0.004212476313114166,0.005866449326276779,0.0029941105749458075,0.01112098153680563,0.029414668679237366,0.06313953548669815
Train,LOW,Train_119_LOW.bin,0.0,1911.0,85.21302795410156,42.49824523925781,80.0,134.0,154.0,211.0,255.0,396.0,0.013603564453125,0.0,1.0,0.04459080100059509,0.02223874069750309,0.04186289757490158,0.08058608323335648,0.11041339486837387,0.20722134411334991
Train,HIGH,Train_119_HIGH.bin,0.0,13350.0,137.34812927246094,210.6915740966797,90.0,221.0,392.0,1094.0,1477.0,2468.0,0.01360361328125,0.0,1.0,0.010288269259035587,0.01578214205801487,0.006741573102772236,0.029363295063376427,0.08194756507873535,0.1848689168691635
Train,LOW,Train_120_LOW.bin,0.0,2463.0,86.67082214355469,40.84626007080078,82.0,138.0,157.0,204.0,229.0,324.0,0.013603662109375,0.0,1.0,0.03518911451101303,0.01658395119011402,0.0332927331328392,0.06374340504407883,0.08282582461833954,0.13154689967632294
Train,HIGH,Train_120_HIGH.bin,0.0,32658.0,130.66639709472656,193.52926635742188,89.0,210.0,365.0,943.0,1322.0,2307.0,0.013603662109375,0.0,1.0,0.0040010493248701096,0.005925941746681929,0.002725212834775448,0.011176434345543385,0.02887500822544098,0.07064118981361389
Train,LOW,Train_121_LOW.bin,0.0,1806.0,85.95915985107422,51.681907653808594,78.0,136.0,161.0,252.0,330.0,593.0,0.013603662109375,0.0,1.0,0.04759649187326431,0.0286167711019516,0.04318936914205551,0.08914728462696075,0.13953489065170288,0.3283499479293823
Train,HIGH,Train_121_HIGH.bin,0.0,15623.0,163.50225830078125,346.26971435546875,92.0,246.0,485.0,1669.0,2423.0,4508.0,0.01360361328125,0.0,1.0,0.010465488769114017,0.022164087742567062,0.005888753570616245,0.031043972820043564,0.1068296730518341,0.28854894638061523
Train,LOW,Train_122_LOW.bin,0.0,1627.0,87.39652252197266,45.99061584472656,81.0,138.0,159.0,230.0,288.0,463.0,0.0136037109375,0.0,1.0,0.05371645465493202,0.028267154470086098,0.04978488013148308,0.09772587567567825,0.1413644701242447,0.2845728397369385
Train,HIGH,Train_122_HIGH.bin,0.0,9453.0,147.37918090820312,235.28514099121094,91.0,248.0,452.0,1232.0,1646.0,2752.0,0.013603564453125,0.0,1.0,0.0155907291918993,0.02488999255001545,0.009626573882997036,0.047815509140491486,0.13032899796962738,0.29112452268600464
Train,LOW,Train_123_LOW.bin,0.0,1512.0,83.9791259765625,43.17384338378906,78.0,133.0,153.0,215.0,265.0,421.0,0.01360361328125,0.0,1.0,0.055541735142469406,0.028554115444421768,0.0515873022377491,0.1011904776096344,0.14219576120376587,0.27843916416168213
Train,HIGH,Train_123_HIGH.bin,0.0,12696.0,121.60408782958984,152.30104064941406,88.0,196.0,320.0,816.0,1081.0,1756.0,0.013603564453125,0.0,1.0,0.009578141383826733,0.01199598703533411,0.006931317038834095,0.025204788893461227,0.0642722100019455,0.13831128180027008
Train,LOW,Train_124_LOW.bin,0.0,7551.0,92.08831024169922,44.90842056274414,87.0,146.0,168.0,224.0,256.0,367.0,0.0136037109375,0.0,1.0,0.01219551544636488,0.005947348196059465,0.011521652340888977,0.022248709574341774,0.029664944857358932,0.04860283434391022
Train,HIGH,Train_124_HIGH.bin,0.0,28398.0,133.3807373046875,184.40771484375,92.0,218.0,374.0,940.0,1205.0,1994.0,0.013603515625,0.0,1.0,0.004696838557720184,0.006493686698377132,0.00323966471478343,0.013169941492378712,0.0331009216606617,0.07021620869636536
Train,LOW,Train_125_LOW.bin,0.0,2323.0,86.32106018066406,46.80228042602539,80.0,137.0,159.0,226.0,276.0,485.0,0.01360361328125,0.0,1.0,0.03715922683477402,0.02014734409749508,0.034438226372003555,0.06844597309827805,0.09728799015283585,0.20878174901008606
Train,HIGH,Train_125_HIGH.bin,0.0,35500.0,150.29364013671875,242.1421356201172,97.0,249.0,443.0,1144.0,1570.0,2980.0,0.01360361328125,0.0,1.0,0.00423362385481596,0.00682090362533927,0.002732394263148308,0.012478873133659363,0.032225351780653,0.08394366502761841
Train,LOW,Train_126_LOW.bin,0.0,1531.0,85.6146469116211,45.46711349487305,80.0,135.0,156.0,228.0,287.0,461.0,0.01360380859375,0.0,1.0,0.05592072755098343,0.029697665944695473,0.05225342884659767,0.10189418494701385,0.14892227947711945,0.3011103868484497
Train,HIGH,Train_126_HIGH.bin,0.0,13108.0,150.95651245117188,244.65077209472656,91.0,268.0,475.0,1243.0,1679.0,2857.0,0.01360361328125,0.0,1.0,0.011516357772052288,0.01866423897445202,0.00694232527166605,0.036237411201000214,0.09482758492231369,0.2179584950208664
Train,LOW,Train_127_LOW.bin,0.0,4294.0,89.870849609375,47.616886138916016,84.0,142.0,164.0,226.0,270.0,482.0,0.01360361328125,0.0,1.0,0.020929398015141487,0.011089170351624489,0.01956217922270298,0.03819282725453377,0.05263157933950424,0.11224965006113052
Train,HIGH,Train_127_HIGH.bin,0.0,37389.0,158.41650390625,291.29437255859375,96.0,260.0,484.0,1307.0,1837.0,3728.0,0.013603564453125,0.0,1.0,0.004236982669681311,0.0077909077517688274,0.00256759999319911,0.012944984249770641,0.034956805408000946,0.09970846772193909
Train,LOW,Train_128_LOW.bin,0.0,3984.0,82.97821044921875,41.68185806274414,78.0,132.0,152.0,208.0,244.0,371.0,0.013603564453125,0.0,1.0,0.02082786336541176,0.01046231109648943,0.01957831345498562,0.03815260902047157,0.05220883712172508,0.09312248975038528
Train,HIGH,Train_128_HIGH.bin,0.0,43585.0,148.15853881835938,271.6152648925781,91.0,206.0,450.0,1392.0,1858.0,3157.0,0.013603515625,0.0,1.0,0.0033992992248386145,0.006231851875782013,0.002087874338030815,0.01032465323805809,0.03193759173154831,0.07243317365646362
Train,LOW,Train_129_LOW.bin,0.0,2231.0,88.0300064086914,40.596946716308594,84.0,139.0,158.0,203.0,226.0,310.0,0.013603564453125,0.0,1.0,0.03945763781666756,0.018196729943156242,0.03765127807855606,0.07082025706768036,0.0909905880689621,0.1389511376619339
Train,HIGH,Train_129_HIGH.bin,0.0,15032.0,130.8004913330078,184.097900390625,92.0,202.0,350.0,941.0,1267.0,2211.0,0.01360361328125,0.0,1.0,0.008701466023921967,0.012247069738805294,0.006120276637375355,0.023283662274479866,0.0625997856259346,0.1470862179994583
